External Transaction Description ,External Transaction Code ,Fee Item Description ,Internal Fee Item Code ,Credit / Debit ,Scoring Category 1,Scoring Category 2,Scoring Category 3,Scoring Category 4
Non-Fee Item Transactions,,,,,Used to differentiate fee and non-fee transactions ,"Used for Non-interest income calculations and reporting (e.g., include/exclude from scoring) ","Used for detailed scoring and offers monitoring (e.g., has direct deposit)","Used for detailed scoring and offers monitoring (e.g., has direct deposit)"
NSF / OD - Include in Customer scoring ,,,,,,,,
NSF Item Paid,123,N/A,N/A,Debit ,Non-fee item,NSF/OD,NSF/OD,N/A
NSF Item Paid,127,N/A,N/A,Debit ,Non-fee item,NSF/OD,NSF/OD,N/A
OD Balance Credit to S/C,368,N/A,N/A,Credit,Non-fee item,NSF/OD,NSF/OD,N/A
ODP Payment - Interest,174,N/A,N/A,Debit ,Non-fee item,NSF/OD,NSF/OD,N/A
Return Item Credit,120,N/A,N/A,Credit,Non-fee item,NSF/OD,NSF/OD,N/A
Returned Deposited Items/ Returned Cashed Items,,N/A,N/A,Debit ,Non-fee item,NSF/OD,NSF/OD,N/A
Returned Item Credit,119,N/A,N/A,Credit,Non-fee item,NSF/OD,NSF/OD,N/A
Money Movement - Include in Customer scoring ,,,,,,,,
ACH activities ,,,,,,,,
ACH Auto Transfer Credit,9,N/A,N/A,Credit ,Non-fee item,Money movement ,ACH,N/A
ACH Auto Transfer Debit,49,N/A,N/A,Debit ,Non-fee item,Money Movement,ACH,N/A
ACH Chargeback,59,N/A,N/A,Debit ,Non-fee item,Money Movement,ACH,N/A
ACH Credit,163,N/A,N/A,Credit ,Non-fee item,Money Movement,ACH,N/A
ACH Credit Back Item,8,N/A,N/A,Credit ,Non-fee item,Money Movement,ACH,N/A
ACH Debit,183,N/A,N/A,Debit ,Non-fee item,Money Movement,ACH,N/A
Single ACH credit transaction ,,N/A,N/A,Credit ,Non-fee item,Money Movement,ACH,N/A
Single ACH debit transaction ,,N/A,N/A,Debit ,Non-fee item,Money Movement,ACH,N/A
ATM activities,,,,,,,,
ATM - Withdrawal - DDA,,N/A,N/A,Debit ,Non-fee item,Money Movement,ATM,N/A
ATM Credit Reversal,297,N/A,N/A,Debit ,Non-fee item,Money Movement,ATM,N/A
ATM Debit Reversal,296,N/A,N/A,Credit,Non-fee item,Money Movement,ATM,N/A
ATM Deposit,222,N/A,N/A,Credit,Non-fee item,Money Movement,ATM,N/A
ATM Deposit,232,N/A,N/A,Credit,Non-fee item,Money Movement,ATM,N/A
ATM Deposit - DDA,212,N/A,N/A,Credit,Non-fee item,Money Movement,ATM,N/A
ATM Deposit - Savings,281,N/A,N/A,Credit,Non-fee item,Money Movement,ATM,N/A
ATM Transfer DDA to Savings,261,N/A,N/A,Debit ,Non-fee item,Money Movement,ATM,N/A
ATM Transfer DDA to Savings,287,N/A,N/A,Credit,Non-fee item,Money Movement,ATM,N/A
ATM Transfer Savings to DDA,242,N/A,N/A,Credit,Non-fee item,Money Movement,ATM,N/A
ATM Transfer Savings to DDA,283,N/A,N/A,Debit,Non-fee item,Money Movement,ATM,N/A
ATM Withdrawal,227,N/A,N/A,Debit ,Non-fee item,Money Movement,ATM,N/A
ATM Withdrawal,237,N/A,N/A,Debit ,Non-fee item,Money Movement,ATM,N/A
ATM Withdrawal - Savings,285,N/A,N/A,Debit ,Non-fee item,Money Movement,ATM,N/A
ITM Deposit,32,N/A,N/A,Credit,Non-fee item,Money Movement,ATM,N/A
ITM Deposit - SV,33,N/A,N/A,Credit,Non-fee item,Money Movement,ATM,N/A
ITM/ ATM Deposit,30,N/A,N/A,Credit,Non-fee item,Money Movement,ATM,N/A
ITM/ ATM Deposit - SV,31,N/A,N/A,Credit,Non-fee item,Money Movement,ATM,N/A
Check activities,,,,,,,,
Check (ForcePay),54,N/A,N/A,Debit ,Non-fee item,Money Movement,Check,N/A
Check (On Us),50,N/A,N/A,Debit ,Non-fee item,Money Movement,Check,N/A
Check (Regular Inclearings),52,N/A,N/A,Debit ,Non-fee item,Money Movement,Check,N/A
Check 21 substitute ,,N/A,N/A,Both ,Non-fee item,Money Movement,Check,N/A
Check clearing/payment ,,N/A,N/A,Debit ,Non-fee item,Money Movement,Check,N/A
Check correction ,,N/A,N/A,Both ,Non-fee item,Money Movement,Check,N/A
Check deposit credit ,,N/A,N/A,Credit ,Non-fee item,Money Movement,Check,N/A
Contract Collection Check,972,N/A,N/A,Credit,Non-fee item,Money Movement,Check,N/A
Miscellaneous check activity ,,N/A,N/A,Both ,Non-fee item,Money Movement,Check,N/A
Official Check ,,N/A,N/A,Debit ,Non-fee item,Money Movement,Check,N/A
Savings W/D or Check Reversal,40,N/A,N/A,Debit ,Non-fee item,Money Movement,Check,N/A
Internal transfers & payment activities ,,,,,,,,
Automatic Loan Payment,473,N/A,N/A,Debit ,Non-fee item,Money Movement,Transfers & Payments ,N/A
Credit card payment ,,N/A,N/A,Debit ,Non-fee item,Money Movement,Transfers & Payments ,N/A
Credit line payment ,,N/A,N/A,Debit ,Non-fee item,Money Movement,Transfers & Payments ,N/A
Epay Credit,7,N/A,N/A,Credit,Non-fee item,Money Movement,Transfers & Payments ,N/A
Epay Debit,57,N/A,N/A,Debit ,Non-fee item,Money Movement,Transfers & Payments ,N/A
Education loan payment ,,N/A,N/A,Debit ,Non-fee item,Money Movement,Transfers & Payments ,N/A
Fresh Start Advance,960,N/A,N/A,Credit,Non-fee item,Money Movement,Transfers & Payments ,N/A
Fresh Start AFT Payment,961,N/A,N/A,Debit ,Non-fee item,Money Movement,Transfers & Payments ,N/A
In Person Transfer - Credit,104,N/A,N/A,Credit,Non-fee item,Money Movement,Transfers & Payments ,N/A
In Person Transfer- DB,103,N/A,N/A,Debit ,Non-fee item,Money Movement,Transfers & Payments ,N/A
Int Bnking transfering funds,762,N/A,N/A,Debit ,Non-fee item,Money Movement,Transfers & Payments ,N/A
Internal bank transfer credit ,,N/A,N/A,Credit ,Non-fee item,Money Movement,Transfers & Payments ,N/A
Internal bank transfer debit ,,N/A,N/A,Debit ,Non-fee item,Money Movement,Transfers & Payments ,N/A
Zelle Credit,6,N/A,N/A,Credit,Non-fee item,Money Movement,Transfers & Payments ,N/A
Zelle Debit,56,N/A,N/A,Debit,Non-fee item,Money Movement,Transfers & Payments ,N/A
Pre-authorized payment ,,N/A,N/A,Debit ,Non-fee item,Money Movement,Transfers & Payments ,N/A
Principal and interest payment ,,N/A,N/A,Debit ,Non-fee item,Money Movement,Transfers & Payments ,N/A
Principal-only payment ,,N/A,N/A,Debit ,Non-fee item,Money Movement,Transfers & Payments ,N/A
Mortgage principal/interest ,,N/A,N/A,Debit ,Non-fee item,Money Movement,Transfers & Payments ,N/A
Safe Deposit Rental Payment,110,N/A,N/A,Debit ,Non-fee item,Money Movement,Transfers & Payments ,N/A
Debt Protection Payment,476,N/A,N/A,Debit ,Non-fee item,Money Movement,Transfers & Payments ,N/A
IRA Transfer,689,N/A,N/A,Credit,Non-fee item,Money Movement,Transfers & Payments ,N/A
Telephone Transfer Credit,114,N/A,N/A,Credit,Non-fee item,Money Movement,Transfers & Payments ,N/A
Telephone Transfer Debit,113,N/A,N/A,Debit ,Non-fee item,Money Movement,Transfers & Payments ,N/A
Transfer from CD,140,N/A,N/A,Credit,Non-fee item,Money Movement,Transfers & Payments ,N/A
Transfer from CD,640,N/A,N/A,Credit,Non-fee item,Money Movement,Transfers & Payments ,N/A
Transfer from DDA,141,N/A,N/A,Credit,Non-fee item,Money Movement,Transfers & Payments ,N/A
Transfer from DDA,641,N/A,N/A,Credit,Non-fee item,Money Movement,Transfers & Payments ,N/A
Transfer from G/L,541,N/A,N/A,Credit,Non-fee item,Money Movement,Transfers & Payments ,N/A
Transfer from Loan,143,N/A,N/A,Credit,Non-fee item,Money Movement,Transfers & Payments ,N/A
Transfer from Loan,643,N/A,N/A,Credit,Non-fee item,Money Movement,Transfers & Payments ,N/A
Transfer from Savings,142,N/A,N/A,Credit,Non-fee item,Money Movement,Transfers & Payments ,N/A
Transfer from Savings,642,N/A,N/A,Credit,Non-fee item,Money Movement,Transfers & Payments ,N/A
Transfer to CD,147,N/A,N/A,Debit ,Non-fee item,Money Movement,Transfers & Payments ,N/A
Transfer to CD,647,N/A,N/A,Debit ,Non-fee item,Money Movement,Transfers & Payments ,N/A
Transfer to Christmas Club,149,N/A,N/A,Debit ,Non-fee item,Money Movement,Transfers & Payments ,N/A
Transfer to DDA,144,N/A,N/A,Debit ,Non-fee item,Money Movement,Transfers & Payments ,N/A
Transfer to DDA,644,N/A,N/A,Debit ,Non-fee item,Money Movement,Transfers & Payments ,N/A
Transfer to G/L,544,N/A,N/A,Debit ,Non-fee item,Money Movement,Transfers & Payments ,N/A
Transfer to IRA,148,N/A,N/A,Debit ,Non-fee item,Money Movement,Transfers & Payments ,N/A
Transfer to Loan,146,N/A,N/A,Debit ,Non-fee item,Money Movement,Transfers & Payments ,N/A
Transfer to Loan,646,N/A,N/A,Debit ,Non-fee item,Money Movement,Transfers & Payments ,N/A
Transfer to Savings,145,N/A,N/A,Debit ,Non-fee item,Money Movement,Transfers & Payments ,N/A
Transfer to Savings,645,N/A,N/A,Debit ,Non-fee item,Money Movement,Transfers & Payments ,N/A
Trans to DDA Credit Relation,750,N/A,N/A,Debit ,Non-fee item,Money Movement,Transfers & Payments ,N/A
Trans to Sav Credit Relation,751,N/A,N/A,Debit ,Non-fee item,Money Movement,Transfers & Payments ,N/A
Voice Response Credit,201,N/A,N/A,Credit ,Non-fee item,Money Movement,Transfers & Payments ,N/A
Voice Response Debit,202,N/A,N/A,Debit ,Non-fee item,Money Movement,Transfers & Payments ,N/A
Proceeds of Club Account,187,N/A,N/A,Credit,Non-fee item,Money Movement,Transfers & Payments ,N/A
Incoming securities transfer ,,N/A,N/A,Credit ,Non-fee item,Money Movement,Transfers & Payments ,N/A
Deposits,,,,,,,,
Contract Collection Deposit,970,N/A,N/A,Credit,Non-fee item,Money Movement,Deposits,N/A
Deposit from CD,150,N/A,N/A,Credit,Non-fee item,Money Movement,Deposits,N/A
Deposit prepared by bank ,,N/A,N/A,Credit ,Non-fee item,Money Movement,Deposits,N/A
Deposit Reversal (EFT),81,N/A,N/A,Debit ,Non-fee item,Money Movement,Deposits,N/A
Deposit Reversal (Paper),80,N/A,N/A,Debit ,Non-fee item,Money Movement,Deposits,N/A
Deposit ,,N/A,N/A,Credit ,Non-fee item,Money Movement,Deposits,N/A
Desc Deposit (EFT),14,N/A,N/A,Credit ,Non-fee item,Money Movement,Deposits,N/A
Desc Force Pay Deposit,15,N/A,N/A,Credit ,Non-fee item,Money Movement,Deposits,N/A
HSA Contribution Current Year,26,N/A,N/A,Credit ,Non-fee item,Money Movement,Deposits,N/A
HSA Contribution Prior Year,27,N/A,N/A,Credit ,Non-fee item,Money Movement,Deposits,N/A
HSA Rollover Contribution,29,N/A,N/A,Credit,Non-fee item,Money Movement,Deposits,N/A
Mobile Deposit,17,N/A,N/A,Credit,Non-fee item,Money Movement,Deposits,N/A
Other credit items ,,N/A,N/A,Credit ,Non-fee item,Money Movement,Deposits,N/A
Savings Deposit,12,N/A,N/A,Credit,Non-fee item,Money Movement,Deposits,N/A
Savings Force Pay Deposit,13,N/A,N/A,Credit,Non-fee item,Money Movement,Deposits,N/A
Dividend distribution ,,N/A,N/A,Credit ,Non-fee item,Money Movement,Deposits,N/A
Distribution from IRA,157,N/A,N/A,Credit,Non-fee item,Money Movement,Deposits,N/A
POD - Bank Force Pay Credit,11,N/A,N/A,Credit,Non-fee item,Money Movement,Deposits,N/A
POD - Credit/Deposit,10,N/A,N/A,Credit,Non-fee item,Money Movement,Deposits,N/A
Single automated credit ,,N/A,N/A,Credit ,Non-fee item,Money Movement,Deposits,N/A
Single item credit ,,N/A,N/A,Credit ,Non-fee item,Money Movement,Deposits,N/A
Loan disbursement ,,N/A,N/A,Credit ,Non-fee item,Money Movement,Deposits,N/A
Account Funding Transaction Credit,161,N/A,N/A,Credit,Non-fee item,Money Movement,Deposits,N/A
Account Funding Transaction Debit,181,N/A,N/A,Debit ,Non-fee item,Money Movement,Deposits,N/A
Withdrawals,,,,,,,,
Descriptive Debit (EFT),62,N/A,N/A,Debit ,Non-fee item,Money Movement,Withdrawals,N/A
Descriptive Force Pay Debit,63,N/A,N/A,Debit ,Non-fee item,Money Movement,Withdrawals,N/A
HSA Direct Transfer,28,N/A,N/A,Debit ,Non-fee item,Money Movement,Withdrawals,N/A
HSA Disability Distribution,94,N/A,N/A,Debit ,Non-fee item,Money Movement,Withdrawals,N/A
HSA Distribution,91,N/A,N/A,Debit ,Non-fee item,Money Movement,Withdrawals,N/A
HSA Non-Reportable Distributn,98,N/A,N/A,Debit ,Non-fee item,Money Movement,Withdrawals,N/A
HSA Reinvestment Withdrawal,96,N/A,N/A,Debit ,Non-fee item,Money Movement,Withdrawals,N/A
HSA Remove Excess Contribution,97,N/A,N/A,Debit ,Non-fee item,Money Movement,Withdrawals,N/A
HSA Transfer Withdrawal,92,N/A,N/A,Debit ,Non-fee item,Money Movement,Withdrawals,N/A
MMD/Savings/Club Withdrawal,51,N/A,N/A,Debit ,Non-fee item,Money Movement,Withdrawals,N/A
Other debit items ,,N/A,N/A,Debit ,Non-fee item,Money Movement,Withdrawals,N/A
Single item debit ,,N/A,N/A,Debit ,Non-fee item,Money Movement,Withdrawals,N/A
Withdrawal Reversal (EFT),41,N/A,N/A,Credit,Non-fee item,Money Movement,Withdrawals,N/A
Single automated debit ,,N/A,N/A,Debit ,Non-fee item,Money Movement,Withdrawals,N/A
Automatic Cash Advance (credit card ODP?),171,N/A,N/A,Debit ,Non-fee item,Money Movement,Withdrawals,N/A
Automatic Cash Reserve Payment (repay ODP WD?),173,N/A,N/A,Debit ,Non-fee item,Money Movement,Withdrawals,N/A
POD - Bank Initiated Debit,60,N/A,N/A,Debit ,Non-fee item,Money Movement,Withdrawals,N/A
POD-Bank Force Pay Debit,61,N/A,N/A,Debit ,Non-fee item,Money Movement,Withdrawals,N/A
Wire activities,,,,,,,,
Domestic wire (Outgoing),,N/A,N/A,Debit ,Non-fee item,Money Movement,Wires,N/A
Foreign Wire- Callback- FDX,701,N/A,N/A,Debit ,Non-fee item,Money Movement,Wires,N/A
Foreign Wire- Callback- USD,703,N/A,N/A,Debit ,Non-fee item,Money Movement,Wires,N/A
Foreign Wire- In Person- FDX,705,N/A,N/A,Debit ,Non-fee item,Money Movement,Wires,N/A
Foreign Wire- In Person- USD,706,N/A,N/A,Debit ,Non-fee item,Money Movement,Wires,N/A
Foreign Wire- Incoming,700,N/A,N/A,Credit,Non-fee item,Money Movement,Wires,N/A
Foreign Wire- Internet- FDX,702,N/A,N/A,Debit ,Non-fee item,Money Movement,Wires,N/A
Foreign Wire- Internet- USD,704,N/A,N/A,Debit ,Non-fee item,Money Movement,Wires,N/A
Foreign Wire Settlement In,709,N/A,N/A,Debit ,Non-fee item,Money Movement,Wires,N/A
Foreign Wire Settlement Out,710,N/A,N/A,Credit,Non-fee item,Money Movement,Wires,N/A
Incoming wire (Regardless of Source),,N/A,N/A,Credit ,Non-fee item,Money Movement,Wires,N/A
Int Bnking doing a repeat wire,760,N/A,N/A,Debit ,Non-fee item,Money Movement,Wires,N/A
Int Bnking doing a single wire,759,N/A,N/A,Debit ,Non-fee item,Money Movement,Wires,N/A
International Wire (Outgoing) ,,N/A,N/A,Debit ,Non-fee item,Money Movement,Wires,N/A
Wire Transfer Credit,116,N/A,N/A,Credit,Non-fee item,Money Movement,Wires,N/A
Wire Transfer Debit,111,N/A,N/A,Debit ,Non-fee item,Money Movement,Wires,N/A
Debit card activities,,,,,,,,
POS - Credit - Savings,233,N/A,N/A,Credit,Non-fee item,Money Movement,Debit card,N/A
POS Credit - DDA,223,N/A,N/A,Credit,Non-fee item,Money Movement,Debit card,N/A
POS Debit - DDA,228,N/A,N/A,Debit ,Non-fee item,Money Movement,Debit card,N/A
POS Debit - Savings,238,N/A,N/A,Debit ,Non-fee item,Money Movement,Debit card,N/A
POS Debit-PIN-DDA,231,N/A,N/A,Debit ,Non-fee item,Money Movement,Debit card,N/A
POS Debit-Signature-DDA,230,N/A,N/A,Debit ,Non-fee item,Money Movement,Debit card,N/A
POS Pre-Authorized Debit - DDA,229,N/A,N/A,Debit ,Non-fee item,Money Movement,Debit card,N/A
POS Pre-Authorized Debit - Sav,239,N/A,N/A,Debit ,Non-fee item,Money Movement,Debit card,N/A
POS Recurring Debit,240,N/A,N/A,Debit ,Non-fee item,Money Movement,Debit card,N/A
POS Recurring Debit-Savings,241,N/A,N/A,Debit ,Non-fee item,Money Movement,Debit card,N/A
Account Operations - Do not include in customer scoring ,,,,,,,,
Closing activities,,,,,,,,
Closing entry - create check,917,N/A,N/A,Debit ,Non-fee item,Account Operations ,Closing ,N/A
Closing entry - Deposit funds,918,N/A,N/A,Debit ,Non-fee item,Account Operations ,Closing ,N/A
Closing entry - Deposited,919,N/A,N/A,Credit,Non-fee item,Account Operations ,Closing ,N/A
Closing entry - zero balance,916,N/A,N/A,Debit ,Non-fee item,Account Operations ,Closing ,N/A
Closing entry -Credit balance,926,N/A,N/A,Credit,Non-fee item,Account Operations ,Closing ,N/A
Closing entry -Credit transfer,928,N/A,N/A,Credit,Non-fee item,Account Operations ,Closing ,N/A
Closing entry -Funds Transfer,929,N/A,N/A,Debit ,Non-fee item,Account Operations ,Closing ,N/A
Closing Entry:Accrued int paid,913,N/A,N/A,Credit,Non-fee item,Account Operations ,Closing ,N/A
Closing Entry:Increase YTD int,912,N/A,N/A,Debit ,Non-fee item,Account Operations ,Closing ,N/A
Closing Entry:Reduce accrued,911,N/A,N/A,Debit ,Non-fee item,Account Operations ,Closing ,N/A
Closing Withdrawal,65,N/A,N/A,Debit ,Non-fee item,Account Operations ,Closing ,N/A
Christmas Club Closing Entry,185,N/A,N/A,Debit ,Non-fee item,Account Operations ,Closing ,N/A
HSA Death Dist- After Death Yr,95,N/A,N/A,Debit ,Non-fee item,Account Operations ,Closing ,N/A
HSA Death Distribution,93,N/A,N/A,Debit ,Non-fee item,Account Operations ,Closing ,N/A
Fraud activities,,,,,,,,
Chargeback,135,N/A,N/A,Debit ,Non-fee item,Account Operations ,Fraud,N/A
Chargeback Item,319,N/A,N/A,Debit ,Non-fee item,Account Operations ,Fraud,N/A
Check stop payment ,,N/A,N/A,Credit ,Non-fee item,Account Operations ,Fraud,N/A
Check fraud adjustment ,,N/A,N/A,Both ,Non-fee item,Account Operations ,Fraud,N/A
Check hold placement ,,N/A,N/A,Both ,Non-fee item,Account Operations ,Fraud,N/A
Stop Payment Order ,,N/A,N/A,,Non-fee item,Account Operations ,Fraud,N/A
Stop Payment Returned Item,125,N/A,N/A,Credit,Non-fee item,Account Operations ,Fraud,N/A
Stop Payment Returned Item,126,N/A,N/A,Credit,Non-fee item,Account Operations ,Fraud,N/A
Memo posting activities,,,,,,,,
Clear Pre-Auth Memo Hold,921,N/A,N/A,Credit,Non-fee item,Account Operations ,Memo Post,N/A
Pre-auth Memo Hold,981,N/A,N/A,Debit ,Non-fee item,Account Operations ,Memo Post,N/A
Memo Credit,920,N/A,N/A,Credit,Non-fee item,Account Operations ,Memo Post,N/A
Memo Debit,980,N/A,N/A,Debit ,Non-fee item,Account Operations ,Memo Post,N/A
Interest activities,,,,,,,,
Bond/CD interest ,,N/A,N/A,Credit ,Non-fee item,Account Operations ,Interest ,N/A
Bonus/Annual Cash Back,891,N/A,N/A,Credit,Non-fee item,Account Operations ,Interest ,N/A
Bonus/Annual Cash Back Adjust,895,N/A,N/A,Credit,Non-fee item,Account Operations ,Interest ,N/A
CD Interest,155,N/A,N/A,Credit,Non-fee item,Account Operations ,Interest ,N/A
Club Account Interest Payment,186,N/A,N/A,Debit ,Non-fee item,Account Operations ,Interest ,N/A
Decrease Accrued Interest,69,N/A,N/A,Debit ,Non-fee item,Account Operations ,Interest ,N/A
Increase Accrued Interest,19,N/A,N/A,Credit,Non-fee item,Account Operations ,Interest ,N/A
Interest charged ,,N/A,N/A,Debit ,Non-fee item,Account Operations ,Interest ,N/A
Interest Deposit,160,N/A,N/A,Credit ,Non-fee item,Account Operations ,Interest ,N/A
Interest earned ,,N/A,N/A,Credit ,Non-fee item,Account Operations ,Interest ,N/A
Interest Rate Change,151,N/A,N/A,Credit ,Non-fee item,Account Operations ,Interest ,N/A
Interest Transfer Credit,167,N/A,N/A,Credit ,Non-fee item,Account Operations ,Interest ,N/A
Interest Transfer Debit,166,N/A,N/A,Debit ,Non-fee item,Account Operations ,Interest ,N/A
Interest Withheld - Checking,191,N/A,N/A,Debit ,Non-fee item,Account Operations ,Interest ,N/A
Interest Withheld - Savings,192,N/A,N/A,Debit ,Non-fee item,Account Operations ,Interest ,N/A
Interest Withheld - Xmas Club,193,N/A,N/A,Debit ,Non-fee item,Account Operations ,Interest ,N/A
Interest Withheld for CD,194,N/A,N/A,Debit ,Non-fee item,Account Operations ,Interest ,N/A
Interest Withheld for Contract,196,N/A,N/A,Debit ,Non-fee item,Account Operations ,Interest ,N/A
Interest Withheld for Escrow,195,N/A,N/A,Debit ,Non-fee item,Account Operations ,Interest ,N/A
Interest Withheld for LIP,197,N/A,N/A,Debit ,Non-fee item,Account Operations ,Interest ,N/A
Interest-only payment ,,N/A,N/A,Debit ,Non-fee item,Account Operations ,Interest ,N/A
Decrease YTD Interest Paid,22,N/A,N/A,Credit,Non-fee item,Account Operations ,Interest ,N/A
Increase YTD Interest Paid,72,N/A,N/A,Debit ,Non-fee item,Account Operations ,Interest ,N/A
Print Interest Check,159,N/A,N/A,Debit ,Non-fee item,Account Operations ,Interest ,N/A
R360 debit accrued interest,500,N/A,N/A,Debit ,Non-fee item,Account Operations ,Interest ,N/A
R360 Increase YTD interest,502,N/A,N/A,Debit ,Non-fee item,Account Operations ,Interest ,N/A
R360 interest adjustment,501,N/A,N/A,Credit,Non-fee item,Account Operations ,Interest ,N/A
Govt & Tax activities,,,,,,,,
Decrease YTD Fed Withholding,73,N/A,N/A,Debit ,Non-fee item,Account Operations ,Govt & Tax,N/A
Federal withholding,133,N/A,N/A,Credit,Non-fee item,Account Operations ,Govt & Tax,N/A
Increase YTD Fed Withholding,23,N/A,N/A,Credit,Non-fee item,Account Operations ,Govt & Tax,N/A
State withholding,134,N/A,N/A,Debit ,Non-fee item,Account Operations ,Govt & Tax,N/A
Federal Interest Withheld,198,N/A,N/A,Debit ,Non-fee item,Account Operations ,Govt & Tax,N/A
Increase YTD State W/H,24,N/A,N/A,Credit,Non-fee item,Account Operations ,Govt & Tax,N/A
State Interest Withheld,199,N/A,N/A,Debit ,Non-fee item,Account Operations ,Govt & Tax,N/A
Decrease YTD State W/H,74,N/A,N/A,Debit ,Non-fee item,Account Operations ,Govt & Tax,N/A
Garnishment,,N/A,N/A,Debit ,Non-fee item,Account Operations ,Govt & Tax,N/A
Levy ,,N/A,N/A,Debit ,Non-fee item,Account Operations ,Govt & Tax,N/A
Integration activities,,,,,,,,
Int Bnking adding a stop,757,N/A,N/A,Debit ,Non-fee item,Account Operations ,Integration,N/A
Int Bnking current day inquiry,755,N/A,N/A,Debit ,Non-fee item,Account Operations ,Integration,N/A
Int Bnking downloading file,763,N/A,N/A,Debit ,Non-fee item,Account Operations ,Integration,N/A
Int Bnking E-mail alert credit,772,N/A,N/A,Credit,Non-fee item,Account Operations ,Integration,N/A
Int Bnking history inquiry,756,N/A,N/A,Debit ,Non-fee item,Account Operations ,Integration,N/A
Int Bnking inquiring on a stop,758,N/A,N/A,Debit ,Non-fee item,Account Operations ,Integration,N/A
Int Bnking prior day inquiry,754,N/A,N/A,Debit ,Non-fee item,Account Operations ,Integration,N/A
Int Bnking text alert credit,774,N/A,N/A,Credit,Non-fee item,Account Operations ,Integration,N/A
Int Bnking view of statement,761,N/A,N/A,Debit ,Non-fee item,Account Operations ,Integration,N/A
Int to Bal/Raise YTD- EFT Only,20,N/A,N/A,Credit,Non-fee item,Account Operations ,Integration,N/A
Insured Cash Sweeps (ICS) DEBIT,89,N/A,N/A,Debit ,Non-fee item,Account Operations ,Integration,N/A
Insured Cash Sweeps (ICS) DEPOSIT,88,N/A,N/A,Credit,Non-fee item,Account Operations ,Integration,N/A
Operational,,,,,,,,
Quick Statement Per Page ,,N/A,N/A,Debit ,Non-fee item,Account Operations ,Operational,N/A
Encoding Error Credit Adjstmnt,18,N/A,N/A,Credit,Non-fee item,Account Operations ,Operational,N/A
Encoding Error Debit Adjstmnt,68,N/A,N/A,Debit ,Non-fee item,Account Operations ,Operational,N/A
Correction to previous deposit ,,N/A,N/A,Credit ,Non-fee item,Account Operations ,Operational,N/A
Contract Collection Reversal,971,N/A,N/A,Debit ,Non-fee item,Account Operations ,Operational,N/A
Debit Accrual Adjustment,251,N/A,N/A,Debit ,Non-fee item,Account Operations ,Operational,N/A
Credit Accrual Adjustment,250,N/A,N/A,Credit,Non-fee item,Account Operations ,Operational,N/A
Credit Back Item,136,N/A,N/A,Credit,Non-fee item,Account Operations ,Operational,N/A
Do Not Use - Translation Code,36,N/A,N/A,Credit,Non-fee item,Account Operations ,Operational,N/A
Miscellaneous (AKA Business Banking & Custom) - Do not include in customer scoring ,,,,,,,,
3rd Party Sweeps Credit,341,N/A,N/A,Credit,Non-fee item,Account Operations ,Misc,N/A
3rd Party Sweeps Debit,344,N/A,N/A,Debit,Non-fee item,Account Operations ,Misc,N/A
Account Recon Credit,302,N/A,N/A,Credit,Non-fee item,Account Operations ,Misc,N/A
Accounts Payable Payment,156,N/A,N/A,,Non-fee item,Account Operations ,Misc,N/A
Business Mobile Deposit,21,N/A,N/A,Credit,Non-fee item,Account Operations ,Misc,N/A
Cash Management Credit,311,N/A,N/A,Credit,Non-fee item,Account Operations ,Misc,N/A
Cash management credit ,,N/A,N/A,Credit ,Non-fee item,Account Operations ,Misc,N/A
Cash Management Debit,310,N/A,N/A,Debit ,Non-fee item,Account Operations ,Misc,N/A
Cash management debit ,,N/A,N/A,Debit ,Non-fee item,Account Operations ,Misc,N/A
Int Bnking ACH batch,767,N/A,N/A,Debit ,Non-fee item,Account Operations ,Misc,N/A
Int Bnking ACH file upload,768,N/A,N/A,Debit ,Non-fee item,Account Operations ,Misc,N/A
Int Bnking ACH items,766,N/A,N/A,Debit ,Non-fee item,Account Operations ,Misc,N/A
Int Bnking ARP file upload,780,N/A,N/A,Debit ,Non-fee item,Account Operations ,Misc,N/A
Int Bnking uploading pos pay,764,N/A,N/A,Debit ,Non-fee item,Account Operations ,Misc,N/A
Int Bnking uploading recon,765,N/A,N/A,Debit ,Non-fee item,Account Operations ,Misc,N/A
Investment purchase ,,N/A,N/A,Debit ,Non-fee item,Account Operations ,Misc,N/A
Investment sale proceeds ,,N/A,N/A,Credit ,Non-fee item,Account Operations ,Misc,N/A
Investment Sweep From DDA,741,N/A,N/A,Credit ,Non-fee item,Account Operations ,Misc,N/A
Investment Sweep From Savings,742,N/A,N/A,Credit ,Non-fee item,Account Operations ,Misc,N/A
Investment Sweep to DDA,744,N/A,N/A,Debit ,Non-fee item,Account Operations ,Misc,N/A
Investment Sweep to Savings,745,N/A,N/A,Debit ,Non-fee item,Account Operations ,Misc,N/A
Mutual fund investment ,,N/A,N/A,Debit ,Non-fee item,Account Operations ,Misc,N/A
Mutual fund sale ,,N/A,N/A,Credit ,Non-fee item,Account Operations ,Misc,N/A
Outgoing securities transfer ,,N/A,N/A,Debit ,Non-fee item,Account Operations ,Misc,N/A
Electronic Data Interchange credit ,,N/A,N/A,Credit ,Non-fee item,Account Operations ,Misc,N/A
Electronic Data Interchange debit ,,N/A,N/A,Debit ,Non-fee item,Account Operations ,Misc,N/A
ZBA credit transfer ,,N/A,N/A,Credit ,Non-fee item,Account Operations ,Misc,N/A
ZBA debit transfer ,,N/A,N/A,Debit ,Non-fee item,Account Operations ,Misc,N/A
RDC - Deposit,16,N/A,N/A,Credit,Non-fee item,Account Operations ,Misc,N/A
Trade financing instrument ,,N/A,N/A,Both ,Non-fee item,Account Operations ,Misc,N/A
Stockholder Dividend Deposit,165,N/A,N/A,Credit,Non-fee item,Account Operations ,Misc,N/A
Syndication Credit,471,N/A,N/A,Credit,Non-fee item,Account Operations ,Misc,N/A
Syndication Debit,474,N/A,N/A,Debit ,Non-fee item,Account Operations ,Misc,N/A
Trade-related credit ,,N/A,N/A,Credit ,Non-fee item,Account Operations ,Misc,N/A
Trade-related debit ,,N/A,N/A,Debit ,Non-fee item,Account Operations ,Misc,N/A
Trust account activity ,,N/A,N/A,,Non-fee item,Account Operations ,Misc,N/A
Payment to vendor/supplier ,,N/A,N/A,Debit ,Non-fee item,Account Operations ,Misc,N/A
Equipment loan payment ,,N/A,N/A,Debit ,Non-fee item,Account Operations ,Misc,N/A
Dealer disbursement credit,425,N/A,N/A,Credit,Non-fee item,Account Operations ,Misc,N/A
Dealer disbursement debit,426,N/A,N/A,Debit ,Non-fee item,Account Operations ,Misc,N/A
L/C transaction ,,N/A,N/A,Both ,Non-fee item,Account Operations ,Misc,N/A
Lease security check,158,N/A,N/A,Debit ,Non-fee item,Account Operations ,Misc,N/A
Lease security credit,152,N/A,N/A,Credit,Non-fee item,Account Operations ,Misc,N/A
Lease security debit,153,N/A,N/A,Debit ,Non-fee item,Account Operations ,Misc,N/A
Lease security increase YTD,154,N/A,N/A,Debit ,Non-fee item,Account Operations ,Misc,N/A
Loan dealer interest credit,410,N/A,N/A,Credit ,Non-fee item,Account Operations ,Misc,N/A
Loan dealer interest debit,420,N/A,N/A,Debit ,Non-fee item,Account Operations ,Misc,N/A
Loan dealer recourse debit,415,N/A,N/A,Debit ,Non-fee item,Account Operations ,Misc,N/A
Loan escrow disbursement,430,N/A,N/A,Debit ,Non-fee item,Account Operations ,Misc,N/A
Loans In Process Payment,164,N/A,N/A,Debit ,Non-fee item,Account Operations ,Misc,N/A
Miscellaneous investment ,,N/A,N/A,Both ,Non-fee item,Account Operations ,Misc,N/A
Miscellaneous loan activity ,,N/A,N/A,Both ,Non-fee item,Account Operations ,Misc,N/A
Participation Credit,472,N/A,N/A,Credit,Non-fee item,Account Operations ,Misc,N/A
Participation Debit,475,N/A,N/A,Debit ,Non-fee item,Account Operations ,Misc,N/A
Credit line draw ,,N/A,N/A,Debit ,Non-fee item,Account Operations ,Misc,N/A
ARP Return Item,825,N/A,N/A,Credit,Non-fee item,Account Operations ,Misc,N/A
ARP Return Item,826,N/A,N/A,Credit,Non-fee item,Account Operations ,Misc,N/A
Bonus/Annual Non-Qualification,893,N/A,N/A,Debit ,Non-fee item,Account Operations ,Misc,N/A
List Post,190,N/A,N/A,Credit ,Non-fee item,Account Operations ,Misc,N/A
R360 Cash Back,905,N/A,N/A,Credit,Non-fee item,Account Operations ,Misc,N/A
R360 Cash Back Adjustment,505,N/A,N/A,Credit,Non-fee item,Account Operations ,Misc,N/A
R360 Points for Cash,906,N/A,N/A,Credit,Non-fee item,Account Operations ,Misc,N/A
Verification Letter,,N/A,N/A,,Non-fee item,Account Operations ,Misc,N/A
RC T/C,301,N/A,N/A,Debit ,Non-fee item,Account Operations ,Misc,N/A
Rel. Pricing Credit to S/C,377,N/A,N/A,Credit,Non-fee item,Account Operations ,Misc,N/A
Related Account credit to S/C,366,N/A,N/A,Credit,Non-fee item,Account Operations ,Misc,N/A
Short-term debt instrument ,,N/A,N/A,Both ,Non-fee item,Account Operations ,Misc,N/A
Pay First Transaction,53,N/A,N/A,Debit ,Non-fee item,Account Operations ,Misc,N/A
Unclassified - Do not include in customer scoring ,,,,,,,,
,,N/A,N/A,,Non-fee item,Account Operations ,Unclassified,N/A
External Transaction Description ,External Transaction Code ,Fee Item Description ,Internal Fee Item Code ,Credit / Debit ,Scoring Category 1,Scoring Category 2,Scoring Category 3,Scoring Category 4
Fee Item Transactions - Used for Non-interest Income Revenue Reporting ,,,,,Used to differentiate fee and non-fee transactions ,"Used for Non-interest income calculations and reporting (e.g., include/exclude from scoring) ","Used for detailed scoring and offers monitoring (e.g., has direct deposit)","Used for more detailed transaction monitoring e.g., has direct deposit "
NSF / OD,,,,,,,,
Continuous Overdraft Charge,170,Continuous Overdraft Charge,,Debit ,Fee item,NSF /OD,N/A,N/A
Insufficient Funds Charge,121,Insufficient Funds Charge,,Debit ,Fee item,NSF /OD,N/A,N/A
Insufficient Funds Charge,122,Insufficient Funds Charge,,Debit ,Fee item,NSF /OD,N/A,N/A
Insufficient Funds Charge,179,Insufficient Funds Charge,,Debit ,Fee item,NSF /OD,N/A,N/A
Insufficient Funds Charge,559,Insufficient Funds Charge,,Debit ,Fee item,NSF /OD,N/A,N/A
Non-Sufficient Funds Fee - Items Returned,,Non-Sufficient Funds Fee - Items Returned,,Debit ,Fee item,NSF /OD,N/A,N/A
Overdraft fee waiver ,,Overdraft Fee Reversal ,,Credit ,Fee item,NSF /OD,N/A,N/A
Overdraft Interest Charge,169,Overdraft Interest Charge,,Debit ,Fee item,NSF /OD,N/A,N/A
Overdraft Item Charge,128,Overdraft Item Charge,,Debit ,Fee item,NSF /OD,N/A,N/A
Overdraft Item Charge,129,Overdraft Item Charge,,Debit ,Fee item,NSF /OD,N/A,N/A
Overdraft Item Charge,178,Overdraft Item Charge,,Debit ,Fee item,NSF /OD,N/A,N/A
Overdraft/NSF fee ,,Overdraft Fee ,,Debit ,Fee item,NSF /OD,N/A,N/A
Refund NSF Paid Fee-STD/YTD,573,Refund NSF Paid Fee-STD/YTD,,Debit ,Fee item,NSF /OD,N/A,N/A
Refund NSF Paid Item Fee- STD,571,Refund NSF Paid Item Fee- STD,,Debit ,Fee item,NSF /OD,N/A,N/A
Refund NSF Paid Item Fee-YTD,572,Refund NSF Paid Item Fee-YTD,,Debit ,Fee item,NSF /OD,N/A,N/A
Refund NSF Return Fee-STD/YTD,576,Refund NSF Return Fee-STD/YTD,,Debit ,Fee item,NSF /OD,N/A,N/A
Refund NSF Return Item Fee-STD,574,Refund NSF Return Item Fee-STD,,Debit ,Fee item,NSF /OD,N/A,N/A
Refund NSF Return Item Fee-YTD,575,Refund NSF Return Item Fee-YTD,,Debit ,Fee item,NSF /OD,N/A,N/A
Refund OD Accrual Fee-STD,577,Refund OD Accrual Fee-STD,,Debit ,Fee item,NSF /OD,N/A,N/A
Refund OD Accrual Fee-STD/YTD,579,Refund OD Accrual Fee-STD/YTD,,Debit ,Fee item,NSF /OD,N/A,N/A
Refund OD Accrual Fee-YTD,578,Refund OD Accrual Fee-YTD,,Debit ,Fee item,NSF /OD,N/A,N/A
Uncollected Funds Charge,550,Uncollected Funds Charge,,Debit ,Fee item,NSF /OD,N/A,N/A
Returned/bounced check ,,Return Check ,,Debit ,Fee item,NSF /OD,N/A,N/A
Returned check fee ,,Return Item Fee ,,Debit ,Fee item,NSF /OD,N/A,N/A
Returned check penalty ,,Return Check Fee ,,Debit ,Fee item,NSF /OD,N/A,N/A
Reverse NSF Item Charge,124,Reverse NSF Item Charge,,Debit ,Fee item,NSF /OD,N/A,N/A
Reverse NSF Item Charge,556,Reverse NSF Item Charge,,Debit ,Fee item,NSF /OD,N/A,N/A
Reverse O/D Item Charge,557,Reverse O/D Item Charge,,Debit ,Fee item,NSF /OD,N/A,N/A
Reverse OD Item Charge,139,Reverse OD Item Charge,,Debit ,Fee item,NSF /OD,N/A,N/A
All Others,,,,,,,,
Money Movement,,,,,,,,
ACH,,,,,,,,
ACH Chargeback Fee,58,ACH Chargeback Fee,,Debit ,Fee item,All others ,Money Movement,ACH
ATM,,,,,,,,
ATM fee refund ,,ATM Fee Reimbursement ,,Credit ,Fee item,All others ,Money Movement,ATM
ATM Service Charge,294,ATM Service Charge,,Debit ,Fee item,All others ,Money Movement,ATM
ATM Service Charge,299,ATM Service Charge,,Debit ,Fee item,All others ,Money Movement,ATM
ATM Service Charge Reversal,295,ATM Service Charge Reversal,,Credit ,Fee item,All others ,Money Movement,ATM
ATM Service Charge Reversal,298,ATM Service Charge Reversal,,Credit,Fee item,All others ,Money Movement,ATM
ATM Transaction Charge,132,ATM Fee ,,Debit ,Fee item,All others ,Money Movement,ATM
ATM transaction fee ,,ATM Fee ,,Debit ,Fee item,All others ,Money Movement,ATM
Balance inquiry fee at foreign ATM ,,Balance inquiry fee at foreign ATM ,,Debit ,Fee item,All others ,Money Movement,ATM
Bonus/Annual ATM Surcharge Rfd,890,Bonus/Annual ATM Surcharge Rfd,,Credit,Fee item,All others ,Money Movement,ATM
R360 ATM Surcharge Adjustment,503,R360 ATM Surcharge Adjustment,,Credit,Fee item,All others ,Money Movement,ATM
R360 ATM Surcharge Refund,901,R360 ATM Surcharge Refund,,Credit,Fee item,All others ,Money Movement,ATM
Withdrawal at non-BankPlus ATM,,Withdrawal at non-BankPlus ATM,,Debit ,Fee item,All others ,Money Movement,ATM
Bonus/Annual Reward ATM Adjust,894,Bonus/Annual Reward ATM Adjust,,Credit,Fee item,All others ,Money Movement,ATM
Bonus/Annual Rwd Fee Adjust Db,898,Bonus/Annual Rwd Fee Adjust Db,,Credit,Fee item,All others ,Money Movement,ATM
Bonus/Annual Rwd Refund Adj Cr,896,Bonus/Annual Rwd Refund Adj Cr,,Credit,Fee item,All others ,Money Movement,ATM
Wire ,,,,,,,,
Foreign Wire Fee- Incoming,707,Foreign Wire Fee- Incoming,,Debit ,Fee item,All others ,Money Movement,Wire
Foreign Wire Fee- Outgoing,708,Foreign Wire Fee- Outgoing,,Debit ,Fee item,All others ,Money Movement,Wire
Wire transfer charge ,,Wire Transfer Fee ,,Debit ,Fee item,All others ,Money Movement,Wire
Wire Transfer Fee,112,Wire Transfer Fee,,Debit ,Fee item,All others ,Money Movement,Wire
Transfers / Payments ,,,,,,,,
FX transaction fee ,,Currency Exchange Fee ,,Debit ,Fee item,All others ,Money Movement,Transfers / Payments
Voice Response Transaction Fee,203,Voice Response Transaction Fee,,Debit ,Fee item,All others ,Money Movement,Transfers / Payments
Redeposit Fee,205,Redeposit Fee,,Debit ,Fee item,All others ,Money Movement,Transfers / Payments
Telephone Transfer Fee,115,Telephone Transfer Fee,,Debit ,Fee item,All others ,Money Movement,Transfers / Payments
Account Operations  ,,,,,,,,
Bank check issuance ,,Cashier's Check ,,Debit ,Fee Item,All others ,Account Operations ,N/A
Certified check fee ,,Certified Check ,,Debit ,Fee Item,All others ,Account Operations ,N/A
Chargeback Fee,137,Chargeback Fee,,Debit ,Fee Item,All others ,Account Operations ,N/A
Chargeback Item Fee,320,Chargeback Item Fee,,Debit ,Fee Item,All others ,Account Operations ,N/A
Check image fee ,,Check Copy Fee ,,Debit ,Fee Item,All others ,Account Operations ,N/A
Check order fee ,,Check Printing Fee ,,Debit ,Fee Item,All others ,Account Operations ,N/A
Check order processing ,,Check Printing ,,Debit ,Fee Item,All others ,Account Operations ,N/A
Check stop payment fee ,,Stop Payment Fee ,,Debit ,Fee Item,All others ,Account Operations ,N/A
Close Account Fee,,Close Account Fee,,Debit ,Fee Item,All others ,Account Operations ,N/A
Closing entry - service charge,914,Closing entry - service charge,,Debit ,Fee Item,All others ,Account Operations ,N/A
Collection Item Fee ,,Collection Item Fee ,,Debit ,Fee Item,All others ,Account Operations ,N/A
Counter Check Fee,,Counter Check Fee,,Debit ,Fee Item,All others ,Account Operations ,N/A
Credit Back Fee,138,Credit Back Fee,,Debit ,Fee Item,All others ,Account Operations ,N/A
Dormant Fee in Service Charge,364,Dormant Fee in Service Charge,,Debit ,Fee Item,All others ,Account Operations ,N/A
Escheated Account Fee ,,Escheated Account Fee ,,Debit ,Fee Item,All others ,Account Operations ,N/A
Excess MMD transaction charge,175,Excess transaction charge,,Debit ,Fee Item,All others ,Account Operations ,N/A
Fax Per Page,,Fax Per Page,,Debit ,Fee Item,All others ,Account Operations ,N/A
Foreign Currency Exchange Fee,,Foreign Currency Exchange Fee,,Debit ,Fee Item,All others ,Account Operations ,N/A
Friends of Childrens Hospital Debit Card Fee,,Debit Card Fee,,Debit ,Fee Item,All others ,Account Operations ,N/A
Image Fee,384,Image Fee,,Debit ,Fee Item,All others ,Account Operations ,N/A
Int Bnking Bill Pay cycle fee,770,Int Bnking Bill Pay cycle fee,,Debit ,Fee Item,All others ,Account Operations ,N/A
Int Bnking Bill Pay enroll fee,769,Int Bnking Bill Pay enroll fee,,Debit ,Fee Item,All others ,Account Operations ,N/A
Int Bnking Bill Pay item fee,771,Int Bnking Bill Pay item fee,,Debit ,Fee Item,All others ,Account Operations ,N/A
Int Bnking E-mail alert fee,773,Int Bnking E-mail alert fee,,Debit ,Fee Item,All others ,Account Operations ,N/A
Int Bnking text alert fee,775,Int Bnking text alert fee,,Debit ,Fee Item,All others ,Account Operations ,N/A
Lost Debit Card Fee,,Lost Debit Card Fee,,Debit ,Fee Item,All others ,Account Operations ,N/A
MMD third party Excess Charge,375,MMD third party Excess Charge,,Debit ,Fee Item,All others ,Account Operations ,N/A
MMD total item Serv. Charge,376,MMD total item Serv. Charge,,Debit ,Fee Item,All others ,Account Operations ,N/A
Monthly Dormant Fee ,,Monthly Dormant Fee ,,Debit ,Fee Item,All others ,Account Operations ,N/A
Multiple Statement Copy Fee,177,Multiple Statement Copy Fee,,Debit ,Fee Item,All others ,Account Operations ,N/A
Multiple Statement Cycle Fee,176,Multiple Statement Cycle Fee,,Debit ,Fee Item,All others ,Account Operations ,N/A
Notary Fee (where available) ,,Notary Fee (where available) ,,Debit ,Fee Item,All others ,Account Operations ,N/A
Paper Statement Charge,382,Paper Statement Charge,,Debit ,Fee Item,All others ,Account Operations ,N/A
Paper statement fee ,,Statement Fee ,,Debit ,Fee Item,All others ,Account Operations ,N/A
Account research fee ,,Research Fee ,,Debit ,Fee Item,All others ,Account Operations ,N/A
Research Per Hour ,,Research Fee ,,Debit ,Fee Item,All others ,Account Operations ,N/A
Research Per Page,,Research Fee ,,Debit ,Fee Item,All others ,Account Operations ,N/A
Reverse UCF Item Charge,551,Reverse UCF Item Charge,,Debit ,Fee Item,All others ,Account Operations ,N/A
Reverse UCF Item Charge,558,Reverse UCF Item Charge,,Debit ,Fee Item,All others ,Account Operations ,N/A
Rewards Service Charge Refund,381,Rewards Service Charge Refund,,Debit ,Fee Item,All others ,Account Operations ,N/A
Safe Deposit Box Drilling Fee,,Safe Deposit Box Drilling Fee,,Debit ,Fee Item,All others ,Account Operations ,N/A
Safe Deposit Box Late Fee,,Safe Deposit Box Late Fee,,Debit ,Fee Item,All others ,Account Operations ,N/A
Safe Deposit Box Re-Key Fee,,Safe Deposit Box Re-Key Fee,,Debit ,Fee Item,All others ,Account Operations ,N/A
Sales Tax on Service Charge,189,,,Debit ,Fee Item,All others ,Account Operations ,N/A
Return Mail Processing Fee,,Return Mail Processing Fee,,Debit ,Fee Item,All others ,Account Operations ,N/A
Stop Payment Charge,130,Stop Payment Charge,,Debit ,Fee Item,All others ,Account Operations ,N/A
Bad Address Fee,330,Bad Address Fee,,Debit ,Fee Item,All others ,Account Operations ,N/A
Bonus/Annual Fee Adjustment Cr,897,Bonus/Annual Fee Adjustment Cr,,Credit,Fee Item,All others ,Account Operations ,N/A
Bonus/Annual Fee Refund,892,Bonus/Annual Fee Refund,,Credit,Fee Item,All others ,Account Operations ,N/A
Fee Code,334,,,Credit,Fee Item,All others ,Account Operations ,N/A
HB Transaction Fee,752,HB Transaction Fee,,Debit ,Fee Item,All others ,Account Operations ,N/A
Miscellaneous (Business),,,,,,,,
Account Analysis Bill Fee,988,Account Analysis Bill Fee,,Debit,Fee Item,All others ,Account Operations,Miscellaneous
Account Analysis Charge,188,Account Analysis Charge,,Debit,Fee Item,All others ,Account Operations,Miscellaneous
Account Reconciliation ,,Account Reconciliation ,,Debit ,Fee Item,All others ,Account Operations,Miscellaneous
ACH Block,,ACH Block,,,Fee Item,All others ,Account Operations,Miscellaneous
Daily Uncollected Balance Fee commercial accounts only ,,Daily Uncollected Balance Fee ,,,Fee Item,All others ,Account Operations,Miscellaneous
Check verification service ,,Positive Pay ,,Debit ,Fee Item,All others ,Account Operations,Miscellaneous
Sweep Transaction Charge,131,Sweep Transaction Charge,,Debit ,Fee Item,All others ,Account Operations,Miscellaneous
Trading commission ,,Brokerage Commission ,,Debit ,Fee Item,All others ,Account Operations,Miscellaneous
Transit Fee in Service Charge,371,Transit Fee in Service Charge,,Debit ,Fee Item,All others ,Account Operations,Miscellaneous
R360 Non-Qualification Fee,908,R360 Non-Qualification Fee,,Debit ,Fee Item,All others ,Account Operations,Miscellaneous
R360 Service Charge Refund Adj,506,R360 Service Charge Refund Adj,,Credit,Fee Item,All others ,Account Operations,Miscellaneous
Securities custody fee ,,Custody Fee ,,Debit ,Fee Item,All others ,Account Operations,Miscellaneous
Service Charges,,,,,,,,
Base Fee in Service Charge,374,Base Fee in Service Charge,,Debit ,Fee Item,Service Charges,N/A,N/A
Box rental fee ,,Safe Deposit Box Fee ,,Debit ,Fee Item,Service Charges,N/A,N/A
Credit Fee in Service Charge,370,Credit Fee in Service Charge,,Debit ,Fee Item,Service Charges,N/A,N/A
Debit Fee in Service Charge,369,Debit Fee in Service Charge,,Debit ,Fee Item,Service Charges,N/A,N/A
Fee reversal/waiver ,,Service Charge Reversal ,,Credit ,Fee Item,Service Charges,N/A,N/A
Int Bnking Service Charge,753,Int Bnking Service Charge,,Debit ,Fee Item,Service Charges,N/A,N/A
Item Charges in Service Charge,362,Item Charges in Service Charge,,Debit ,Fee Item,Service Charges,N/A,N/A
Item Fee in Service Charge,373,Item Fee in Service Charge,,Debit ,Fee Item,Service Charges,N/A,N/A
Local Fee in Service Charge,378,Local Fee in Service Charge,,Debit ,Fee Item,Service Charges,N/A,N/A
Monthly service charge ,,Service Charge ,,Debit ,Fee Item,Service Charges,N/A,N/A
Other service charges ,,Other service charges ,,Debit ,Fee Item,Service Charges,N/A,N/A
Per Item Service Charge,383,Per Item Service Charge,,Debit ,Fee Item,Service Charges,N/A,N/A
On Us Fee in Service Charge,372,On Us Fee in Service Charge,,,Fee Item,Service Charges,N/A,N/A
Safe Deposit Box Annual Rental Fee,,Safe Deposit Box Annual Rental Fee,,Debit ,Fee Item,Service Charges,N/A,N/A
Service Charge,180,Service Charge,,Debit ,Fee Item,Service Charges,N/A,N/A
Service Charge,360,Service Charge,,Debit ,Fee Item,Service Charges,N/A,N/A
Account Service Fee,333,Account Service Fee,,Debit ,Fee Item,Service Charges,N/A,N/A
Annual account fee ,,Annual Fee ,,Debit ,Fee Item,Service Charges,N/A,N/A
R360 Fee Adjustment Credit,507,R360 Fee Adjustment Credit,,Credit,Fee Item,Service Charges,N/A,N/A
R360 Fee Adjustment Debit,508,R360 Fee Adjustment Debit,,Debit ,Fee Item,Service Charges,N/A,N/A
R360 Fee Refund,902,R360 Fee Refund,,Credit,Fee Item,Service Charges,N/A,N/A
R360 Fee Refund Adjustment,504,R360 Fee Refund Adjustment,,Credit,Fee Item,Service Charges,N/A,N/A
Balance Credit in Service Chg,365,Balance Credit in Service Chg,,Credit,Fee Item,Service Charges,N/A,N/A
Balance Fee in Service Charge,361,Balance Fee in Service Charge,,Debit ,Fee Item,Service Charges,N/A,N/A
Bank Admin Fee in Service Chg,363,Bank Admin Fee in Service Chg,,Debit ,Fee Item,Service Charges,N/A,N/A
Minimum Fee Debit to S/C,367,Minimum Fee Debit to S/C,,Debit ,Fee Item,Service Charges,N/A,N/A
Interchange,,,,,,,,
Unclassified,,,,,,,,
,,,,,,,,
,,,,,,,,
,,,,,,,,
,,,,,,,,
CD Transactions - Do not include in customer scoring ,,,,,,,,
ACH Credit,663,,,,Non-fee item,Account Operations ,N/A,N/A
ACH Debit,683,,,,Non-fee item,Account Operations ,N/A,N/A
Automatic Transfer from DDA,641,,,,Non-fee item,Account Operations ,N/A,N/A
Automatic Transfer from G/L,650,,,,Non-fee item,Account Operations ,N/A,N/A
Automatic Transfer from Loan,647,,,,Non-fee item,Account Operations ,N/A,N/A
Automatic Transfer from ODP,648,,,,Non-fee item,Account Operations ,N/A,N/A
Automatic Transfer from Savings,642,,,,Non-fee item,Account Operations ,N/A,N/A
Automatic Transfer to DDA,645,,,,Non-fee item,Account Operations ,N/A,N/A
Automatic Transfer to Savings,646,,,,Non-fee item,Account Operations ,N/A,N/A
Balancing Transaction from CDBAL,826,,,,Non-fee item,Account Operations ,N/A,N/A
Balancing Transaction from CDBAL,828,,,,Non-fee item,Account Operations ,N/A,N/A
CD Interest Payment,670,,,,Non-fee item,Account Operations ,N/A,N/A
Closing balance adjustment credit,681,,,,Non-fee item,Account Operations ,N/A,N/A
Closing balance adjustment debit,680,,,,Non-fee item,Account Operations ,N/A,N/A
Closing Redemption - CD Only,60,,,,Non-fee item,Account Operations ,N/A,N/A
Closing Redemption Renewal - CD Only,62,,,,Non-fee item,Account Operations ,N/A,N/A
Credit closing interest for Death Dist.,684,,,,Non-fee item,Account Operations ,N/A,N/A
Credit Interest to Balance/Raise YTD,305,,,,Non-fee item,Account Operations ,N/A,N/A
Death Contribution,686,,,,Non-fee item,Account Operations ,N/A,N/A
Death Distribution Transfer,687,,,,Non-fee item,Account Operations ,N/A,N/A
Death Transfer,688,,,,Non-fee item,Account Operations ,N/A,N/A
Debit Closing,979,,,,Non-fee item,Account Operations ,N/A,N/A
Decrease Accured Interest,350,,,,Non-fee item,Account Operations ,N/A,N/A
Decrease Federal Withholding,370,,,,Non-fee item,Account Operations ,N/A,N/A
Decrease Penalty Paid YTD,360,,,,Non-fee item,Account Operations ,N/A,N/A
Decrease YTD Interest Paid,330,,,,Non-fee item,Account Operations ,N/A,N/A
Deposit from CD withdrawal,640,,,,Non-fee item,Account Operations ,N/A,N/A
EDU - Distribution from Education IRA,153,,,,Non-fee item,Account Operations ,N/A,N/A
EDU - Reverse Distribution from EDU IRA,253,,,,Non-fee item,Account Operations ,N/A,N/A
FDICLBIDM Insurance Determination Credit,690,,,,Non-fee item,Account Operations ,N/A,N/A
FDICLBIDM Insurance Determination Debit,691,,,,Non-fee item,Account Operations ,N/A,N/A
Fed Withholding Balance Reduction,325,,,,Non-fee item,Account Operations ,N/A,N/A
Fed Withholding Balance Reduction,623,,,,Non-fee item,Account Operations ,N/A,N/A
Federal Interest Withheld,675,,,,Non-fee item,Account Operations ,N/A,N/A
Generated Int Credit for Backdated Trans,750,,,,Non-fee item,Account Operations ,N/A,N/A
Generated Int Debit for Backdated Trans,751,,,,Non-fee item,Account Operations ,N/A,N/A
Increase Accured Interest,300,,,,Non-fee item,Account Operations ,N/A,N/A
Increase Federal Withholding,320,,,,Non-fee item,Account Operations ,N/A,N/A
Increase Penalty Paid YTD,310,,,,Non-fee item,Account Operations ,N/A,N/A
Increase Penalty Paid YTD,629,,,,Non-fee item,Account Operations ,N/A,N/A
Increase YTD Interest Paid,380,,,,Non-fee item,Account Operations ,N/A,N/A
Initial Deposit - New Money- CD Only,10,,,,Non-fee item,Account Operations ,N/A,N/A
Initial Deposit - Reinvestment- CD Only,15,,,,Non-fee item,Account Operations ,N/A,N/A
Interest Added Back,671,,,,Non-fee item,Account Operations ,N/A,N/A
Interest Paid by ACH Deposit,674,,,,Non-fee item,Account Operations ,N/A,N/A
Interest Paid by Check,672,,,,Non-fee item,Account Operations ,N/A,N/A
Interest Paid by Deposit,673,,,,Non-fee item,Account Operations ,N/A,N/A
Interest Rate Change,651,,,,Non-fee item,Account Operations ,N/A,N/A
Interest Withdrawal,70,,,,Non-fee item,Account Operations ,N/A,N/A
IRA - Death Distribution,180,,,,Non-fee item,Account Operations ,N/A,N/A
IRA - Direct Rollover to IRA,165,,,,Non-fee item,Account Operations ,N/A,N/A
IRA - Disability Distribution,185,,,,Non-fee item,Account Operations ,N/A,N/A
IRA - Early Distribution,170,,,,Non-fee item,Account Operations ,N/A,N/A
IRA - Normal Distribution,150,,,,Non-fee item,Account Operations ,N/A,N/A
IRA - Reverse Current Year Contribution,200,,,,Non-fee item,Account Operations ,N/A,N/A
IRA - Reverse Death Distribution,280,,,,Non-fee item,Account Operations ,N/A,N/A
IRA - Reverse Direct Rollover to IRA,265,,,,Non-fee item,Account Operations ,N/A,N/A
IRA - Reverse Disability Distribution,285,,,,Non-fee item,Account Operations ,N/A,N/A
IRA - Reverse Early Distribution,270,,,,Non-fee item,Account Operations ,N/A,N/A
IRA - Reverse Normal Distribution,250,,,,Non-fee item,Account Operations ,N/A,N/A
IRA - Reverse Previous Year Contribution,205,,,,Non-fee item,Account Operations ,N/A,N/A
IRA - Reverse Rollover Contribution,220,,,,Non-fee item,Account Operations ,N/A,N/A
IRA - Reverse Transfer Distribution,260,,,,Non-fee item,Account Operations ,N/A,N/A
IRA - Rollover Contribution,120,,,,Non-fee item,Account Operations ,N/A,N/A
IRA - Transfer Distribution,160,,,,Non-fee item,Account Operations ,N/A,N/A
IRA Auto Prior Year Distribution,658,,,,Non-fee item,Account Operations ,N/A,N/A
IRA Death Distribution,685,,,,Non-fee item,Account Operations ,N/A,N/A
IRA Distribution,657,,,,Non-fee item,Account Operations ,N/A,N/A
IRA Excess Contribution Withdrawal,633,,,,Non-fee item,Account Operations ,N/A,N/A
IRA Reverse Recharacterization Deposit,342,,,,Non-fee item,Account Operations ,N/A,N/A
IRA Reverse Rollover Conversion Dep,343,,,,Non-fee item,Account Operations ,N/A,N/A
IRA Reverse Transfer-External Source,340,,,,Non-fee item,Account Operations ,N/A,N/A
IRA Reverse Transfer-Internal Source,341,,,,Non-fee item,Account Operations ,N/A,N/A
IRA Rollover Withdrawal,631,,,,Non-fee item,Account Operations ,N/A,N/A
IRA Transfer Withdrawal,632,,,,Non-fee item,Account Operations ,N/A,N/A
IRA Withdrawal for Current Year,630,,,,Non-fee item,Account Operations ,N/A,N/A
IRA/EDU/RTH - Current Year Contribution,100,,,,Non-fee item,Account Operations ,N/A,N/A
IRA/EDU/RTH - Previous Year Contribution,105,,,,Non-fee item,Account Operations ,N/A,N/A
IRA-Early Dist to Reinvest in Roth IRA,175,,,,Non-fee item,Account Operations ,N/A,N/A
IRA-Early Distribution Exception Applies,177,,,,Non-fee item,Account Operations ,N/A,N/A
IRA-Normal Dist to Reinvest in Roth IRA,155,,,,Non-fee item,Account Operations ,N/A,N/A
IRA-Remove Excess Contrib-Current Year,195,,,,Non-fee item,Account Operations ,N/A,N/A
IRA-Remove Excess Contrib-Prior Year,196,,,,Non-fee item,Account Operations ,N/A,N/A
IRA-Remove Excess Earnings-Current Year,197,,,,Non-fee item,Account Operations ,N/A,N/A
IRA-Remove Excess Earnings-Prior Year,198,,,,Non-fee item,Account Operations ,N/A,N/A
IRA-Rev Removal of Excess Earnings CY,297,,,,Non-fee item,Account Operations ,N/A,N/A
IRA-Reverse Early Distrib With Exception,277,,,,Non-fee item,Account Operations ,N/A,N/A
IRA-Reverse Remove Excess Cont-Prior Yr,296,,,,Non-fee item,Account Operations ,N/A,N/A
IRA-Reverse Remove Excess Contrib-CurrYr,295,,,,Non-fee item,Account Operations ,N/A,N/A
IRA-Reverse Transfer from External Srce,230,,,,Non-fee item,Account Operations ,N/A,N/A
IRA-Reverse Transfer from Internal Acct,235,,,,Non-fee item,Account Operations ,N/A,N/A
IRA-Transfer Deposit from External Srce,130,,,,Non-fee item,Account Operations ,N/A,N/A
IRA-Transfer Deposit from Internal Acct,135,,,,Non-fee item,Account Operations ,N/A,N/A
Memo Accrual Adjustment Decrease,941,,,,Non-fee item,Account Operations ,N/A,N/A
Memo Accrual Adjustment Increase,940,,,,Non-fee item,Account Operations ,N/A,N/A
Memo Credit,920,,,,Non-fee item,Account Operations ,N/A,N/A
Memo Debit,980,,,,Non-fee item,Account Operations ,N/A,N/A
Memo Decrease Federal Interest Withheld,974,,,,Non-fee item,Account Operations ,N/A,N/A
Memo Decrease Penalty Paid YTD,930,,,,Non-fee item,Account Operations ,N/A,N/A
Memo Decrease State Interest Withheld,977,,,,Non-fee item,Account Operations ,N/A,N/A
Memo Federal Interest Withheld,975,,,,Non-fee item,Account Operations ,N/A,N/A
Memo Increase Penalty Paid YTD,929,,,,Non-fee item,Account Operations ,N/A,N/A
Memo Penalty Balance Reduction,926,,,,Non-fee item,Account Operations ,N/A,N/A
Memo State Interest Withheld,976,,,,Non-fee item,Account Operations ,N/A,N/A
Memo Withdrawal Balance Reduction,925,,,,Non-fee item,Account Operations ,N/A,N/A
Memo Withdrawal Fee,927,,,,Non-fee item,Account Operations ,N/A,N/A
Memo Withdrawal Interest Credit,928,,,,Non-fee item,Account Operations ,N/A,N/A
Memo YTD Interest Decrease,950,,,,Non-fee item,Account Operations ,N/A,N/A
Memo YTD Interest Increase,951,,,,Non-fee item,Account Operations ,N/A,N/A
Partial Redemption - CD Only,50,,,,Non-fee item,Account Operations ,N/A,N/A
Penalty Balance Reduction,626,,,,Non-fee item,Account Operations ,N/A,N/A
Premature Int Distribution by ACH Dep,874,,,,Non-fee item,Account Operations ,N/A,N/A
Premature Int Distribution by Check,872,,,,Non-fee item,Account Operations ,N/A,N/A
Premature Int Distribution by Deposit,873,,,,Non-fee item,Account Operations ,N/A,N/A
Principal Balance Increase - CD Only,20,,,,Non-fee item,Account Operations ,N/A,N/A
Purged Accrued Credits,733,,,,Non-fee item,Account Operations ,N/A,N/A
Purged Accrued Debits,703,,,,Non-fee item,Account Operations ,N/A,N/A
Purged Balance Credits,731,,,,Non-fee item,Account Operations ,N/A,N/A
Purged Balance Debits,701,,,,Non-fee item,Account Operations ,N/A,N/A
Purged Closing Credits,732,,,,Non-fee item,Account Operations ,N/A,N/A
Purged Closing Debits,702,,,,Non-fee item,Account Operations ,N/A,N/A
Purged Fed Withholding Credits,736,,,,Non-fee item,Account Operations ,N/A,N/A
Purged Fed Withholding Debits,706,,,,Non-fee item,Account Operations ,N/A,N/A
Purged Penalty Credits,734,,,,Non-fee item,Account Operations ,N/A,N/A
Purged Penalty Debits,704,,,,Non-fee item,Account Operations ,N/A,N/A
Purged State Withholding Credits,735,,,,Non-fee item,Account Operations ,N/A,N/A
Purged State Withholding Debits,705,,,,Non-fee item,Account Operations ,N/A,N/A
Purged YTD Interest Credits,737,,,,Non-fee item,Account Operations ,N/A,N/A
Purged YTD Interest Debits,707,,,,Non-fee item,Account Operations ,N/A,N/A
Recharacterization Deposit,140,,,,Non-fee item,Account Operations ,N/A,N/A
Recharacterization Withdrawal-Current Yr,190,,,,Non-fee item,Account Operations ,N/A,N/A
Recharacterization Withdrawal-Prior Yr,189,,,,Non-fee item,Account Operations ,N/A,N/A
Rev IRA-Remove Excess Earnings-Prior Yr,298,,,,Non-fee item,Account Operations ,N/A,N/A
Reverse CD Deposit,49,,,,Non-fee item,Account Operations ,N/A,N/A
Reverse CD Withdrawal,99,,,,Non-fee item,Account Operations ,N/A,N/A
Reverse Recharacterization Deposit,240,,,,Non-fee item,Account Operations ,N/A,N/A
Reverse Recharacterization W/D-CurrentYr,290,,,,Non-fee item,Account Operations ,N/A,N/A
Reverse Rollover Conversion Deposit,245,,,,Non-fee item,Account Operations ,N/A,N/A
Rollover Conversion Deposit,145,,,,Non-fee item,Account Operations ,N/A,N/A
"Roth - Distribution, Exception Applies",193,,,,Non-fee item,Account Operations ,N/A,N/A
Roth - Early Distribution,191,,,,Non-fee item,Account Operations ,N/A,N/A
Roth - Qualified Distribution,192,,,,Non-fee item,Account Operations ,N/A,N/A
Roth - Reverse Early Distribution,291,,,,Non-fee item,Account Operations ,N/A,N/A
Roth - Reverse Qualified Distribution,292,,,,Non-fee item,Account Operations ,N/A,N/A
"Roth-Reverse Distribution, with Exceptn",293,,,,Non-fee item,Account Operations ,N/A,N/A
SEP-Employee Current Year Contribution,110,,,,Non-fee item,Account Operations ,N/A,N/A
SEP-Employee Prior Year Contribution,115,,,,Non-fee item,Account Operations ,N/A,N/A
SEP-Employer Current Year Contribution,111,,,,Non-fee item,Account Operations ,N/A,N/A
SEP-Employer Prior Year Contribution,116,,,,Non-fee item,Account Operations ,N/A,N/A
SEP-Reverse Employee Current Yr Contrib,210,,,,Non-fee item,Account Operations ,N/A,N/A
SEP-Reverse Employee Prior Yr Contribut,215,,,,Non-fee item,Account Operations ,N/A,N/A
SEP-Reverse Employer Current Yr Contrib,211,,,,Non-fee item,Account Operations ,N/A,N/A
SEP-Reverse Employer Prior Yr Contributn,216,,,,Non-fee item,Account Operations ,N/A,N/A
Service Fee,679,,,,Non-fee item,Account Operations ,N/A,N/A
Simple IRA - Early Distribution,199,,,,Non-fee item,Account Operations ,N/A,N/A
Simple IRA - Reverse Early Distribution,299,,,,Non-fee item,Account Operations ,N/A,N/A
State Interest Withheld,676,,,,Non-fee item,Account Operations ,N/A,N/A
State Withholding Balance Reduction,624,,,,Non-fee item,Account Operations ,N/A,N/A
Withdrawal Balance Reduction,625,,,,Non-fee item,Account Operations ,N/A,N/A
Withdrawal Closing Entry,620,,,,Non-fee item,Account Operations ,N/A,N/A
Withdrawal Fee,627,,,,Non-fee item,Account Operations ,N/A,N/A
Withdrawal Interest Credit,628,,,,Non-fee item,Account Operations ,N/A,N/A
Withholding - Federal,677,,,,Non-fee item,Account Operations ,N/A,N/A
Withholding - State,678,,,,Non-fee item,Account Operations ,N/A,N/A
,,,,,,,,
,,,,,,,,
,,,,,,,,
,,,,,,,,
,,,,,,,,
,,,,,,,,
,,,,,,,,
,,,,,,,,
,,,,,,,,
,,,,,,,,
,,,,,,,,
,,,,,,,,
,,,,,,,,
,,,,,,,,
,,,,,,,,
,,,,,,,,
,,,,,,,,
,,,,,,,,
,,,,,,,,
,,,,,,,,
,,,,,,,,
,,,,,,,,
,,,,,,,,
,,,,,,,,
,,,,,,,,
,,,,,,,,
,,,,,,,,
,,,,,,,,
,,,,,,,,
,,,,,,,,
,,,,,,,,
,,,,,,,,
,,,,,,,,
,,,,,,,,
,,,,,,,,
,,,,,,,,
,,,,,,,,
,,,,,,,,
,,,,,,,,
,,,,,,,,
,,,,,,,,
,,,,,,,,
,,,,,,,,
,,,,,,,,
,,,,,,,,
,,,,,,,,
,,,,,,,,
,,,,,,,,
,,,,,,,,
,,,,,,,,
,,,,,,,,
,,,,,,,,
,,,,,,,,
,,,,,,,,
,,,,,,,,
,,,,,,,,
,,,,,,,,
,,,,,,,,
,,,,,,,,
,,,,,,,,
,,,,,,,,
,,,,,,,,
,,,,,,,,
,,,,,,,,
,,,,,,,,
,,,,,,,,
,,,,,,,,
,,,,,,,,
,,,,,,,,
,,,,,,,,
,,,,,,,,
,,,,,,,,
,,,,,,,,
,,,,,,,,
,,,,,,,,
,,,,,,,,
,,,,,,,,
,,,,,,,,
,,,,,,,,
,,,,,,,,
,,,,,,,,
,,,,,,,,
,,,,,,,,
,,,,,,,,
,,,,,,,,
,,,,,,,,
,,,,,,,,
,,,,,,,,
,,,,,,,,
,,,,,,,,
,,,,,,,,
,,,,,,,,
,,,,,,,,
,,,,,,,,
,,,,,,,,
,,,,,,,,
,,,,,,,,
,,,,,,,,
,,,,,,,,
,,,,,,,,
,,,,,,,,
,,,,,,,,
,,,,,,,,
,,,,,,,,
,,,,,,,,
,,,,,,,,
,,,,,,,,
,,,,,,,,
,,,,,,,,
,,,,,,,,
,,,,,,,,
,,,,,,,,
,,,,,,,,
,,,,,,,,
,,,,,,,,
,,,,,,,,
,,,,,,,,
,,,,,,,,
,,,,,,,,
,,,,,,,,
,,,,,,,,
,,,,,,,,
,,,,,,,,
,,,,,,,,
,,,,,,,,
,,,,,,,,
,,,,,,,,
,,,,,,,,
,,,,,,,,
,,,,,,,,
,,,,,,,,
